{
  "generatedAt": "2026-06-13T11:30:37.151Z",
  "season": 2026,
  "trainingRows": 12,
  "baseline": {
    "brierScore": 0.2251594041666667,
    "accuracy": 0.6666666666666666
  },
  "mlInSample": {
    "brierScore": 0.04374631444666865,
    "accuracy": 1
  },
  "mlLeaveOneOut": {
    "brierScore": 0.18868593891457777,
    "accuracy": 0.6666666666666666
  },
  "note": "Small sample. Treat ML probabilities as a learning/calibration aid, not a replacement for the base model."
}
