{
  "generatedAt": "2026-06-13T11:30:37.149Z",
  "season": 2026,
  "type": "logistic_regression",
  "target": "home_win",
  "features": [
    "projected_run_diff",
    "rating_diff",
    "baseline_logit",
    "matched_player_diff",
    "match_rate_diff"
  ],
  "scaler": {
    "means": {
      "projected_run_diff": -0.41500000000000004,
      "rating_diff": 0.052103963976679525,
      "baseline_logit": -0.13742878986543805,
      "matched_player_diff": 0,
      "match_rate_diff": 0
    },
    "scales": {
      "projected_run_diff": 2.7023801237674414,
      "rating_diff": 0.18155470338012106,
      "baseline_logit": 0.8925758109353766,
      "matched_player_diff": 0.5773502691896257,
      "match_rate_diff": 0.03730660005156469
    }
  },
  "weights": [
    1.8908410284120614,
    0.7573434128355735,
    0.5699922493329664,
    0.7516626174098591,
    0.47124934150434655,
    -2.0141373080101275
  ],
  "trainingRows": 12
}
