{
  "generatedAt": "2026-06-12T15:32:33.957Z",
  "season": 2026,
  "leagueContext": {
    "leagueOffenseIndex": 0.48266272703025487,
    "leagueRunsPerGame": 7.2865,
    "leagueFielding": 0.95,
    "leagueProfile": {
      "walk_probability": 0.03503184713375796,
      "single_probability": 0.3375796178343949,
      "double_probability": 0.05573248407643312,
      "triple_probability": 0.018312101910828025,
      "home_run_probability": 0.01910828025477707,
      "out_probability": 0.5342356687898089
    }
  },
  "simulatedInnings": 7,
  "simulationCount": 10000,
  "teamCount": 12,
  "matchedRosterPlayers": 84,
  "unmatchedRosterPlayers": 98
}
