{
  "generatedAt": "2026-06-29T11:13:00.052Z",
  "season": 2026,
  "leagueContext": {
    "leagueOffenseIndex": 0.5231195429749697,
    "leagueRunsPerGame": 8.8831,
    "leagueFielding": 1,
    "leagueProfile": {
      "walk_probability": 0.044901598624291446,
      "single_probability": 0.36580472581364243,
      "double_probability": 0.05824469778994969,
      "triple_probability": 0.016336539073944334,
      "home_run_probability": 0.014935354436023182,
      "out_probability": 0.49977708426214895
    }
  },
  "simulatedInnings": 7,
  "simulationCount": 10000,
  "teamCount": 12,
  "matchedRosterPlayers": 181,
  "unmatchedRosterPlayers": 1
}
