{
  "generatedAt": "2026-05-15T16:35:47.752Z",
  "season": 2026,
  "leagueContext": {
    "leagueOffenseIndex": 0.52544577222001,
    "leagueRunsPerGame": 8.8056,
    "leagueFielding": 1,
    "leagueProfile": {
      "walk_probability": 0.045717802070513285,
      "single_probability": 0.3685296459856657,
      "double_probability": 0.058169840005791645,
      "triple_probability": 0.015709838557880256,
      "home_run_probability": 0.012741620212842975,
      "out_probability": 0.4991312531673062
    }
  },
  "simulatedInnings": 7,
  "simulationCount": 10000,
  "teamCount": 12,
  "matchedRosterPlayers": 169,
  "unmatchedRosterPlayers": 13
}
