{
  "generatedAt": "2026-06-26T18:13:55.176Z",
  "season": 2026,
  "leagueContext": {
    "leagueOffenseIndex": 0.5229297123097914,
    "leagueRunsPerGame": 8.8591,
    "leagueFielding": 1,
    "leagueProfile": {
      "walk_probability": 0.045040128410914926,
      "single_probability": 0.3662279293739968,
      "double_probability": 0.05778491171749599,
      "triple_probability": 0.016308186195826645,
      "home_run_probability": 0.014735152487961476,
      "out_probability": 0.49990369181380423
    }
  },
  "simulatedInnings": 7,
  "simulationCount": 10000,
  "teamCount": 12,
  "matchedRosterPlayers": 181,
  "unmatchedRosterPlayers": 1
}
